prob,idle,travel,feasible,allocation,clusters,permutation
0.7620753921928751,0.0,19.0,1.0,Allocation18,14
0.7480798270277499,0.0,23.0,1.0,Allocation9,13
0.762075392192875,7.0,15.0,1.0,Allocation25,12
0.74807982702775,1.0,20.0,1.0,Allocation26,4
0.74807982702775,29.0,19.0,1.0,Allocation26,2
